{
    "disallowImplicitTypeConversion": ["string"],
    "disallowMixedSpacesAndTabs": true,
    "disallowMultipleLineBreaks": true,
    "disallowNewlineBeforeBlockStatements": true,
    "disallowMultipleLineStrings": true,
    "disallowMultipleVarDecl": null,
    "disallowSpaceAfterPrefixUnaryOperators": true,
    "disallowSpacesInAnonymousFunctionExpression": {
        "beforeOpeningRoundBrace": true
    },
    "disallowSpacesInsideObjectBrackets": null,
    "disallowSpacesInsideArrayBrackets": "all",
    "disallowSpacesInsideParentheses": true,
    "disallowTrailingWhitespace": true,

    "maximumLineLength": {
        "value": 100,
        "allowComments": true,
        "allowRegex": true
    },

    "fileExtensions": [".js", ".jsx"],

    "requireCamelCaseOrUpperCaseIdentifiers": true,
    "requireCommaBeforeLineBreak": true,
    "requireCurlyBraces": [
        "if",
        "else",
        "for",
        "while",
        "do",
        "try",
        "catch"
    ],
    "requireSpaceAfterBinaryOperators": true,
    "requireSpaceAfterKeywords": [
        "do",
        "for",
        "if",
        "else",
        "switch",
        "case",
        "try",
        "catch",
        "void",
        "while",
        "with",
        "return",
        "typeof"
    ],
    "requireSpaceBeforeBinaryOperators": [
        "=", "+=", "-=", "*=", "/=", "%=", "<<=", ">>=", ">>>=",
        "&=", "|=", "^=", "+=",

        "+", "-", "*", "/", "%", "<<", ">>", ">>>", "&",
        "|", "^", "&&", "||", "===", "==", ">=",
        "<=", "<", ">", "!=", "!=="
    ],
    "requireSpacesInConditionalExpression": true,
    "requireSpaceBeforeBlockStatements": true,
    "requireSpacesInForStatement": true,
    "requireLineFeedAtFileEnd": true,
    "requireSpacesInFunctionExpression": {
        "beforeOpeningCurlyBrace": true
    },

    "validateLineBreaks": "LF",
    "validateIndentation": 4,
    "validateQuoteMarks": {
        "mark": "'", "escape": true
    }
}
